,0
0,-0.030561424903627232
1,0.07666667122477078
2,-0.00020550282416254007
3,0.01942053196318505
4,0.009243396269952076
5,0.005951102790266782
6,0.009470734687693216
7,0.0075519404318973304
8,-0.007136539645924533
9,0.020335118380715445
10,0.01668962465490531
11,0.01670484039430309
12,0.0055184186787247125
13,0.0012404158268064513
14,0.023743698442843852
15,-0.030492254544976616
16,-0.008234999159808964
17,0.010751034078489985
18,-0.009315205522735903
19,0.0010011237275391327
20,-0.004342629373460971
21,-0.0017367715479941204
22,0.0019062961404034962
23,-0.0020836244582370655
24,0.007272761259502936
25,-0.0040351987495858
26,0.009904878725691235
27,0.013316436484791971
28,-0.002727249427954881
29,-0.014105589679869635
30,0.011290303097788446
31,0.005455074710072116
32,-0.014070440433248121
33,-0.005493897302616402
34,-0.01439057399797894
35,0.0047361383070054774
36,-0.01126204572627576
37,0.01413697129912772
38,0.010024180568989127
39,0.006404736301429903
40,-0.001618247114180349
41,0.005713793211475915
42,0.0006055589188149746
43,-0.019513516827689648
44,0.009610680623880263
45,0.005220929599247137
46,0.00959582201366005
47,0.0002824314609968237
48,0.0056978697808609535
49,-0.0040328369955753285
50,0.009463467187453833
51,0.00822597144543491
52,0.021731050382955086
53,0.015022989699551514
54,0.015043287104754333
55,0.010958157536679947
56,0.016143134441768403
57,0.012923742525826176
58,-0.010384062460899735
59,0.002463183660188273
60,0.020140216922327703
61,0.02956794266108176
62,-0.0011402721750973788
63,-0.030447167600681224
64,0.009383116052672058
65,0.0012875911615271018
66,-0.03051740385111945
67,0.001560256176051933
68,0.03881328053111388
69,0.006948428314552446
70,-0.009676904942656606
71,-0.014486712131301926
72,-0.013693554795921381
73,-0.03051365855317678
74,0.015541635028762935
75,0.011270879215326657
76,-0.030538061557165208
77,-0.004787850268810789
78,-0.010327224175384009
79,-0.030440796251240743
80,0.03469425629782075
81,-0.030513614514858123
82,-0.03530645322129744
83,-0.030440059150423915
84,0.065478402786181
85,0.03756215726817658
86,-0.02404464453969679
87,-0.012457711059437826
88,-0.030560940135431314
89,-0.030561756720193456
90,0.059383906594381086
91,0.05761712770861682
92,0.013549366992413825
93,-0.030528131461817765
94,-0.030499845581005824
95,0.059512802653800545
96,0.014674734937296874
97,0.025909967662999023
98,-0.010524487299115481
99,0.004003078786355196
100,0.02934123084596507
101,0.017430973005921224
102,0.04147112737114478
103,0.028456677264448782
104,0.02140690497330855
105,-0.03046140548582721
106,0.04080035710880425
107,-0.023515335642428914
108,-0.006940186229510759
109,0.0009437301998067582
110,0.030271685667528914
111,0.0028156835195196628
112,-0.030496005243333957
113,0.011012389936588152
114,-0.020704703450779793
115,-0.01891839896959291
116,0.006001619138809922
117,0.020241621019857714
118,-0.030483456418599064
119,-0.030453403298439596
120,0.050033266322261793
121,0.046485925249794224
122,-0.03045082324453474
123,0.0451003939142367
124,-0.01023492909784196
125,0.006208513215907763
126,0.019922842348579772
127,0.01416779584569361
128,-0.018662810937282837
129,-1.4908772347554944e-05
130,0.006192095638042794
131,0.030807421691432912
132,-0.01569526428808732
133,0.0022043341206730016
134,-0.005783822960101381
135,0.0025346539102257815
136,0.02295942967217246
137,0.044231463088461265
138,0.005870360288965593
139,-0.008932392775016007
140,0.018532892338166906
141,0.005675959183244927
142,-0.020376268538567666
143,-0.008467031174535844
144,-0.00862961747223967
145,0.01916314047588097
146,0.02623858648633237
147,0.004548882019943079
148,-0.012039909473205102
149,0.01751440490014211
150,-0.010158862612147268
151,0.010885539508035835
152,0.00919715496002671
153,-0.009397882766172039
154,0.0065942475644236165
155,0.010615744521928816
156,0.03343224562633296
157,0.059447102801596596
158,0.008288354409067944
159,-0.0021349848491021284
160,0.03240932110405792
161,0.01681272080541718
162,0.0031145422389156074
163,0.007177818668524072
164,0.013844140922626869
165,-0.005778710827430977
166,-0.005908979263071545
167,0.009532048189801356
168,0.001195854350252601
169,-0.014818867384525203
170,-0.030494904575869675
171,-0.0119156122700107
172,-0.012047492431942142
173,0.01063644676559461
174,-0.02787285930176031
175,0.013475404602604657
176,-0.012749622525395465
177,0.008467653900498417
178,0.0028942152088922146
179,-0.013268589950528042
180,0.006565063069072341
181,0.004516434159712146
182,0.03909406021207995
183,-0.007061725609019964
184,0.008128947840573275
185,0.004489207297908138
186,0.007815489629273031
187,0.005446231264916834
188,-0.012424972905117682
189,0.020868587755551227
190,0.01691971213172927
191,0.0009022111050667192
192,0.0026433886930403716
193,-0.0070677367630817
194,0.007271086704094598
195,0.002633557613255455
196,0.010213827786560215
197,0.005604686015292959
198,0.012830114209631427
199,-0.010196995300894574
200,0.01342992212930727
201,-0.030473158220535868
202,-0.012666179665041466
203,0.022819506054364114
204,-0.018812836185680193
205,0.007187351467276448
206,-0.0097436779214215
207,0.009861360587983148
208,0.010220152814162775
209,0.0293924636513756
210,-0.030467205599085667
211,-0.030469342766145657
212,-0.030490794488645223
213,0.017710330731003143
214,0.031427072966797365
215,0.011424891043499752
216,-0.0030758970772859495
217,0.013596800638770112
218,0.016714255817734225
219,0.0029200441378112174
220,-0.007046849301516223
221,0.0037616059435623406
222,-0.03407075655306169
223,-0.0052864979511113575
224,0.006171005119730344
225,0.009290201783040741
226,-0.03049261879690568
227,-0.03049778220544941
228,0.05946179132531726
229,-0.022112930997858826
230,-0.004105724370710884
231,0.017210087331448687
232,0.004323637019435944
233,0.034173922877069884
234,-0.01260783176222946
235,0.059459759354465236
236,0.006701487373862447
237,0.022842175901645057
238,0.027826706517669386
239,-0.0023938564014944763
240,0.0010738211203678016
241,0.011056626067957431
242,0.008500510661614058
243,-0.009423581897087918
244,-0.020678330329044092
245,0.009168992495468986
246,0.0021209672530186907
247,-0.03048704686914605
248,-0.030486182206858725
249,-0.030474615415631567
250,-0.03048591354643504
251,-0.005655084333337057
252,0.04894253372834445
253,-0.019412434183736504
254,0.0033892848006531473
255,-0.0022218416280144204
256,0.006536341673819113
257,0.03336877775272651
258,-0.030490455620244106
259,0.050668591336831215
260,-0.03048980705405202
261,0.03837785533952065
262,0.00590670611193711
263,-0.030487708137327485
264,-0.010271151792087707
265,-0.030476482539297467
266,-0.015760209190474717
267,0.015009983413374117
268,0.004057070142215791
269,0.015453280774963885
270,0.016453357631667442
271,0.01792133410034502
272,-0.0024244043434223927
273,0.009511533723112642
274,-0.0027805486760269504
275,-0.005409381049663264
276,-0.0028251363153902753
277,0.0005557947857968148
278,0.03272899404641327
279,0.0033786539984823616
280,-0.002130462904230135
281,-0.004204921246950266
282,0.015806494901974943
283,0.00628322296947692
284,0.0004220019269847164
285,-0.0304865331496027
286,0.02457694961536694
287,0.018434351261051862
288,-0.018942028826217427
289,0.001650525024665006
290,0.011236178976438804
291,-0.02444094810560904
292,0.022021384507187047
293,-0.004397796814720523
294,0.019181122286489716
295,-0.03047980546404172
296,0.0010570878138784767
297,0.034264801235984965
298,0.013210512388517115
